codigo,descricao,anexo,fatorR
3250706,Serviços de prótese dentária,V,sim
3250709,Serviço de laboratório óptico,V,sim
4120400,Construção de edifícios,IV,nao
4211101,Construção de rodovias e ferrovias,IV,nao
4330499,Outras obras de acabamento,IV,nao
4391600,Obras de fundações,IV,nao
4399101,Administração de obras,III,nao
4512901,Representantes comerciais e agentes do comércio de veículos automotores,V,sim
4530702,Comércio por atacado de pneumáticos e câmaras-de-ar,I,nao
4530703,Comércio a varejo de peças e acessórios novos para veículos automotores,I,nao
4530704,Comércio a varejo de peças e acessórios usados para veículos automotores,I,nao
4530705,Comércio a varejo de pneumáticos e câmaras-de-ar,I,nao
4530706,Representantes comerciais e agentes do comércio de peças e acessórios novos e usados para veículos automotores,V,sim
4541202,Comércio por atacado de peças e acessórios para motocicletas e motonetas,I,nao
4541206,Comércio a varejo de peças e acessórios novos para motocicletas e motonetas,I,nao
4541207,Comércio a varejo de peças e acessórios usados para motocicletas e motonetas,I,nao
4542101,Representantes comerciais e agentes do comércio de motocicletas e motonetas peças e acessórios,V,sim
4611700,Representantes comerciais e agentes do comércio de matérias-primas agrícolas e animais vivos,V,sim
4612500,Representantes comerciais e agentes do comércio de combustíveis minerais produtos siderúrgicos e químicos,V,sim
4613300,Representantes comerciais e agentes do comércio de madeira material de construção e ferragens,V,sim
4614100,Representantes comerciais e agentes do comércio de máquinas equipamentos embarcações e aeronaves,V,sim
4615000,Representantes comerciais e agentes do comércio de eletrodomésticos móveis e artigos de uso doméstico,V,sim
4616800,Representantes comerciais e agentes do comércio de têxteis vestuário calçados e artigos de viagem,V,sim
4617600,Representantes comerciais e agentes do comércio de produtos alimentícios bebidas e fumo,V,sim
4618401,Representantes comerciais e agentes do comércio de medicamentos cosméticos e produtos de perfumaria,V,sim
4618402,Representantes comerciais e agentes do comércio de instrumentos e materiais odonto-médico-hospitalares,V,sim
4618403,Representantes comerciais e agentes do comércio de jornais revistas e outras publicações,V,sim
4618499,Outros representantes comerciais e agentes do comércio especializado em produtos não especificados anteriormente,V,sim
4619200,Representantes comerciais e agentes do comércio de mercadorias em geral não especializado,V,sim
4635401,Comércio atacadista de água mineral,I,nao
4635402,Comércio atacadista de cerveja chope e refrigerante,I,nao
4637104,Comércio atacadista de pães bolos biscoitos e similares,I,nao
4637105,Comércio atacadista de massas alimentícias,I,nao
4637106,Comércio atacadista de sorvetes,I,nao
4637107,Comércio atacadista de chocolates balas bombons,I,nao
4637199,Comércio atacadista de outros produtos alimentícios,I,nao
4639701,Comércio atacadista de produtos alimentícios em geral,I,nao
4641901,Comércio atacadista de tecidos,I,nao
4641902,Comércio atacadista de artigos de cama mesa e banho,I,nao
4641903,Comércio atacadista de artigos de armarinho,I,nao
4642701,Comércio atacadista de artigos do vestuário e acessórios,I,nao
4642702,Comércio atacadista de roupas profissionais e de segurança,I,nao
4643501,Comércio atacadista de calçados,I,nao
4643502,Comércio atacadista de bolsas malas e artigos de viagem,I,nao
4646001,Comércio atacadista de cosméticos e perfumaria,I,nao
4646002,Comércio atacadista de produtos de higiene pessoal,I,nao
4647801,Comércio atacadista de artigos de escritório e papelaria,I,nao
4647802,Comércio atacadista de livros jornais e publicações,I,nao
4649401,Comércio atacadista de equipamentos elétricos de uso pessoal,I,nao
4649402,Comércio atacadista de aparelhos eletrônicos de uso pessoal,I,nao
4649403,Comércio atacadista de bicicletas triciclos e veículos recreativos,I,nao
4649404,Comércio atacadista de móveis e artigos de colchoaria,I,nao
4649405,Comércio atacadista de artigos de tapeçaria persianas e cortinas,I,nao
4649406,Comércio atacadista de lustres luminárias e abajures,I,nao
4649407,Comércio atacadista de filmes CDs DVDs fitas e discos,I,nao
4649408,Comércio atacadista de produtos de higiene limpeza e conservação doméstica,I,nao
4649409,Comércio atacadista de higiene e limpeza com fracionamento,I,nao
4649410,Comércio atacadista de joias relógios e bijuterias,I,nao
4649499,Comércio atacadista de outros artigos de uso pessoal e doméstico,I,nao
4651601,Comércio atacadista de equipamentos de informática,I,nao
4651602,Comércio atacadista de suprimentos para informática,I,nao
4652400,Comércio atacadista de componentes eletrônicos e telefonia,I,nao
4679603,Comércio atacadista de vidros espelhos e vitrais,I,nao
4686902,Comércio atacadista de embalagens,I,nao
4691500,Comércio atacadista de mercadorias com predominância alimentícia,I,nao
4693100,Comércio atacadista de mercadorias em geral sem predominância,I,nao
4711301,Comércio varejista de mercadorias em geral com predominância de produtos alimentícios – hipermercados,I,nao
4711302,Comércio varejista de mercadorias em geral com predominância de produtos alimentícios – supermercados,I,nao
4712100,Comércio varejista de mercadorias em geral com predominância de produtos alimentícios – minimercados mercearias e armazéns,I,nao
4713002,Lojas de variedades exceto lojas de departamentos ou magazines,I,nao
4713004,Lojas de departamentos ou magazines exceto lojas francas (Duty free),I,nao
4721102,Padaria e confeitaria com predominância de revenda,I,nao
4721103,Comércio varejista de laticínios e frios,I,nao
4721104,Comércio varejista de doces balas bombons e semelhantes,I,nao
4723700,Comércio varejista de bebidas,I,nao
4724500,Comércio varejista de hortifrutigranjeiros,I,nao
4729601,Tabacaria,I,nao
4729699,Comércio varejista de produtos alimentícios em geral,I,nao
4743100,Comércio varejista de vidros,I,nao
4744002,Comércio varejista de madeira e artefatos,I,nao
4751201,Comércio varejista especializado de equipamentos e suprimentos de informática,I,nao
4751202,Recarga de cartuchos para equipamentos de informática,III,nao
4752100,Comércio varejista especializado de equipamentos de telefonia e comunicação,I,nao
4753900,Comércio varejista especializado de eletrodomésticos e equipamentos de áudio e vídeo,I,nao
4754701,Comércio varejista de móveis,I,nao
4754702,Comércio varejista de artigos de colchoaria,I,nao
4754703,Comércio varejista de artigos de iluminação,I,nao
4755501,Comércio varejista de tecidos,I,nao
4755502,Comércio varejista de artigos de armarinho,I,nao
4755503,Comércio varejista de artigos de cama mesa e banho,I,nao
4756300,Comércio varejista especializado de instrumentos musicais e acessórios,I,nao
4757100,Comércio varejista especializado de peças e acessórios para aparelhos eletroeletrônicos para uso doméstico,I,nao
4759801,Comércio varejista de artigos de tapeçaria cortinas e persianas,I,nao
4759899,Comércio varejista de outros artigos de uso doméstico não especificados anteriormente,I,nao
4761001,Comércio varejista de livros,I,nao
4761002,Comércio varejista de jornais e revistas,I,nao
4761003,Comércio varejista de artigos de papelaria,I,nao
4762800,Comércio varejista de discos CDs DVDs e fitas,I,nao
4763601,Comércio varejista de brinquedos e artigos recreativos,I,nao
4763602,Comércio varejista de artigos esportivos,I,nao
4763603,Comércio varejista de bicicletas e triciclos peças e acessórios,I,nao
4763604,Comércio varejista de artigos de caça pesca e camping,I,nao
4772500,Comércio varejista de cosméticos produtos de perfumaria e de higiene pessoal,I,nao
4774100,Comércio varejista de artigos de óptica,I,nao
4781400,Comércio varejista de artigos do vestuário e acessórios,I,nao
4782201,Comércio varejista de calçados,I,nao
4782202,Comércio varejista de artigos de viagem,I,nao
4783102,Comércio varejista de artigos de relojoaria,I,nao
4785701,Comércio varejista de antiguidades,I,nao
4785799,Comércio varejista de outros artigos usados,I,nao
4789001,Comércio varejista de suvenires bijuterias e artesanatos,I,nao
4789002,Comércio varejista de plantas e flores naturais,I,nao
4789003,Comércio varejista de objetos de arte,I,nao
4789007,Comércio varejista de equipamentos para escritório,I,nao
4789008,Comércio varejista de artigos fotográficos e para filmagem,I,nao
4789099,Comércio varejista de outros produtos não especificados anteriormente,I,nao
5611201,Restaurantes e similares,I,nao
5611203,Lanchonetes casas de chá de sucos e similares,I,nao
5611204,Bares e outros estabelecimentos especializados em servir bebidas sem entretenimento,I,nao
5620101,Fornecimento de alimentos preparados preponderantemente para empresas,I,nao
5620103,Cantinas – serviços de alimentação privativos,I,nao
5620104,Fornecimento de alimentos preparados preponderantemente para consumo domiciliar,I,nao
5911101,Estúdios cinematográficos,III,nao
5911102,Produção de filmes para publicidade,III,nao
5911199,Atividades de produção cinematográfica de vídeos e de programas de televisão não especificadas anteriormente,III,nao
5912001,Serviços de dublagem,III,nao
5912002,Serviços de mixagem sonora em produção audiovisual,III,nao
5912099,Atividades de pós-produção cinematográfica de vídeos e de programas de televisão,III,nao
5913800,Distribuição cinematográfica de vídeo e de programas de televisão,III,nao
5914600,Atividades de exibição cinematográfica,III,nao
5920100,Atividades de gravação de som e de edição de música,III,nao
6201501,Desenvolvimento de programas de computador sob encomenda,V,sim
6201502,Web design,V,sim
6202300,Desenvolvimento e licenciamento de programas de computador customizáveis,V,sim
6203100,Desenvolvimento e licenciamento de programas de computador não-customizáveis,V,sim
6204000,Consultoria em tecnologia da informação,V,sim
6209100,Suporte técnico manutenção e outros serviços em tecnologia da informação,V,sim
6311900,Tratamento de dados provedores de serviços de aplicação e serviços de hospedagem na internet,V,sim
6319400,Portais provedores de conteúdo e outros serviços de informação na internet,V,sim
6391700,Agências de notícias,III,nao
6399200,Outras atividades de prestação de serviços de informação não especificadas anteriormente,III,nao
6619302,Correspondentes de instituições financeiras,III,nao
6621501,Peritos e avaliadores de seguros,V,sim
6621502,Auditoria e consultoria atuarial,V,sim
6622300,Corretores e agentes de seguros de planos de previdência complementar e de saúde,III,nao
6629100,Atividades auxiliares dos seguros da previdência complementar e dos planos de saúde,III,nao
6821801,Corretagem na compra e venda e avaliação de imóveis,III,nao
6821802,Corretagem no aluguel de imóveis,III,nao
6911701,Serviços advocatícios,IV,nao
6911703,Agente de propriedade industrial,V,sim
7020400,Atividades de consultoria em gestão empresarial exceto consultoria técnica específica,V,sim
7111100,Serviços de arquitetura,III,sim
7112000,Serviços de engenharia,V,sim
7119701,Serviços de cartografia topografia e geodésia,V,sim
7119702,Atividades de estudos geológicos,V,sim
7119703,Serviços de desenho técnico relacionados à arquitetura e engenharia,V,sim
7119704,Serviços de perícia técnica relacionados à segurança do trabalho,V,sim
7119799,Atividades técnicas relacionadas à engenharia e arquitetura não especificadas anteriormente,V,sim
7120100,Testes e análises técnicas,V,sim
7210000,Pesquisa e desenvolvimento experimental em ciências físicas e naturais,V,sim
7220700,Pesquisa e desenvolvimento experimental em ciências sociais e humanas,V,sim
7311400,Agências de publicidade,V,sim
7312200,Agenciamento de espaços para publicidade exceto em veículos de comunicação,III,nao
7319001,Criação de estandes para feiras e exposições,V,sim
7319002,Promoção de vendas,III,nao
7319003,Marketing direto,III,nao
7319004,Consultoria em publicidade,V,sim
7319099,Outras atividades de publicidade não especificadas anteriormente,III,nao
7320300,Pesquisas de mercado e de opinião pública,V,sim
7410202,Design de interiores,V,sim
7410203,Design de produto,V,sim
7410299,Atividades de design não especificadas anteriormente,V,sim
7420001,Atividades de produção de fotografias exceto aérea e submarina,III,nao
7420002,Atividades de produção de fotografias aéreas e submarinas,III,nao
7420003,Laboratórios fotográficos,III,nao
7420004,Filmagem de festas e eventos,III,nao
7420005,Serviços de microfilmagem,III,nao
7490101,Serviços de tradução interpretação e similares,V,sim
7490102,Escafandria e mergulho,III,nao
7490103,Serviços de agronomia e de consultoria às atividades agrícolas e pecuárias,V,sim
7490104,Atividades de intermediação e agenciamento de serviços e negócios em geral exceto imobiliários,V,sim
7490105,Agenciamento de profissionais para atividades esportivas culturais e artísticas,V,sim
7490199,Outras atividades profissionais científicas e técnicas não especificadas anteriormente,V,sim
7500100,Atividades veterinárias,V,sim
7721700,Aluguel de equipamentos recreativos e esportivos,III,nao
7722500,Aluguel de fitas de vídeo DVDs e similares,III,nao
7723300,Aluguel de objetos do vestuário joias e acessórios,III,nao
7729201,Aluguel de aparelhos de jogos eletrônicos,III,nao
7729202,Aluguel de móveis utensílios e aparelhos de uso doméstico e pessoal; instrumentos musicais,III,nao
7729203,Aluguel de material médico,III,nao
7729299,Aluguel de outros objetos pessoais e domésticos não especificados anteriormente,III,nao
7731400,Aluguel de máquinas e equipamentos agrícolas sem operador,III,nao
7732201,Aluguel de máquinas e equipamentos para construção sem operador exceto andaimes,III,nao
7732202,Aluguel de andaimes,III,nao
7733100,Aluguel de máquinas e equipamentos para escritório,III,nao
7739001,Aluguel de máquinas e equipamentos para extração de minérios e petróleo sem operador,III,nao
7739002,Aluguel de equipamentos científicos médicos e hospitalares sem operador,III,nao
7739003,Aluguel de palcos coberturas e outras estruturas de uso temporário exceto andaimes,III,nao
7739099,Aluguel de outras máquinas e equipamentos comerciais e industriais não especificados anteriormente sem operador,III,nao
7740300,Gestão de ativos intangíveis não-financeiros,V,sim
7911200,Agências de viagens,III,nao
7912100,Operadores turísticos,III,nao
7990200,Serviços de reservas e outros serviços de turismo não especificados anteriormente,III,nao
8011101,Atividades de vigilância e segurança privada,IV,nao
8011102,Serviços de adestramento de cães de guarda,III,nao
8030700,Atividades de investigação particular,V,sim
8121400,Limpeza em prédios e em domicílios,IV,nao
8122200,Imunização e controle de pragas urbanas,IV,nao
8129000,Atividades de limpeza não especificadas anteriormente,IV,nao
8130300,Atividades paisagísticas,IV,nao
8211300,Serviços combinados de escritório e apoio administrativo,III,nao
8219999,Preparação de documentos e serviços especializados de apoio administrativo não especificados anteriormente,III,nao
8220200,Atividades de teleatendimento,III,nao
8230001,Serviços de organização de feiras congressos exposições e festas,III,nao
8230002,Casas de festas e eventos,III,nao
8291100,Atividades de cobrança e informações cadastrais,III,nao
8299701,Medição de consumo de energia elétrica gás e água,III,nao
8299703,Serviços de gravação de carimbos exceto confecção,III,nao
8299707,Salas de acesso à internet,III,nao
8299799,Outras atividades de serviços prestados principalmente às empresas não especificadas anteriormente,V,sim
8511200,Educação infantil – creche,III,nao
8512100,Educação infantil – pré-escola,III,nao
8513900,Ensino fundamental,III,nao
8520100,Ensino médio,III,nao
8531700,Educação superior – graduação,V,sim
8532500,Educação superior – graduação e pós-graduação,V,sim
8533300,Educação superior – pós-graduação e extensão,V,sim
8541400,Educação profissional de nível técnico,III,nao
8542200,Educação profissional de nível tecnológico,V,sim
8550302,Atividades de apoio à educação exceto caixas escolares,V,sim
8591100,Ensino de esportes,V,sim
8592901,Ensino de dança,V,sim
8592902,Ensino de artes cênicas exceto dança,III,nao
8592903,Ensino de música,III,nao
8592999,Ensino de arte e cultura não especificado anteriormente,III,nao
8593700,Ensino de idiomas,III,nao
8599603,Treinamento em informática,III,nao
8599604,Treinamento em desenvolvimento profissional e gerencial,III,nao
8599605,Cursos preparatórios para concursos,III,nao
8599699,Outras atividades de ensino não especificadas anteriormente,III,nao
8610101,Atividades de atendimento hospitalar exceto pronto-socorro e unidades para atendimento a urgências,III,sim
8621601,UTI móvel – unidade de suporte avançado de vida,V,sim
8630501,Atividade médica ambulatorial com recursos para realização de procedimentos cirúrgicos,III,sim
8630502,Atividade médica ambulatorial com recursos para realização de exames complementares,III,sim
8630503,Atividade médica ambulatorial restrita a consultas,III,sim
8630504,Atividade odontológica,III,sim
8630506,Serviços de vacinação e imunização humana,III,sim
8630507,Atividades de reprodução humana assistida,III,sim
8630599,Atividades de atenção ambulatorial não especificadas anteriormente,III,sim
8640201,Laboratórios de anatomia patológica e citológica,V,sim
8640202,Laboratórios clínicos,V,sim
8640203,Serviços de diálise e nefrologia,III,sim
8640204,Serviços de tomografia,V,sim
8640205,Serviços de diagnóstico por imagem com uso de radiação ionizante exceto tomografia,V,sim
8640206,Serviços de ressonância magnética,V,sim
8640207,Serviços de diagnóstico por imagem sem uso de radiação ionizante exceto ressonância magnética,V,sim
8640208,Serviços de diagnóstico por registro gráfico – ECG EEG e outros exames análogos,V,sim
8640209,Serviços de diagnóstico por métodos ópticos – endoscopia e outros exames análogos,V,sim
8640210,Serviços de quimioterapia,III,sim
8640211,Serviços de radioterapia,III,sim
8640212,Serviços de hemoterapia,III,sim
8640213,Serviços de litotripsia,III,sim
8640214,Serviços de bancos de células e tecidos humanos,III,sim
8640299,Atividades de serviços de complementação diagnóstica e terapêutica não especificadas anteriormente,III,sim
8650001,Atividades de enfermagem,III,sim
8650002,Atividades de profissionais da nutrição,III,sim
8650003,Atividades de psicologia e psicanálise,III,sim
8650004,Atividades de fisioterapia,III,sim
8650005,Atividades de terapia ocupacional,III,sim
8650006,Atividades de fonoaudiologia,III,sim
8650007,Atividades de terapia de nutrição enteral e parenteral,V,sim
8650099,Atividades de profissionais da área de saúde não especificadas anteriormente,V,sim
8660700,Atividades de apoio à gestão de saúde,V,sim
8690901,Atividades de práticas integrativas e complementares em saúde humana,V,sim
8690903,Atividades de acupuntura,III,sim
8690904,Atividades de podologia,III,sim
8690999,Outras atividades de atenção à saúde humana não especificadas anteriormente,V,sim
9001901,Produção teatral,III,nao
9001902,Produção musical,III,nao
9001903,Produção de espetáculos de dança,III,nao
9001904,Produção de espetáculos circenses de marionetes e similares,III,nao
9001905,Produção de espetáculos de rodeios vaquejadas e similares,III,nao
9001906,Atividades de sonorização e de iluminação,III,nao
9001999,Artes cênicas espetáculos e atividades complementares não especificadas anteriormente,III,nao
9002701,Atividades de artistas plásticos jornalistas independentes e escritores,V,sim
9002702,Restauração de obras de arte,III,nao
9311500,Gestão de instalações de esportes,III,nao
9313100,Atividades de condicionamento físico,V,sim
9319101,Produção e promoção de eventos esportivos,III,nao
9319199,Outras atividades esportivas não especificadas anteriormente,III,nao
9329802,Exploração de boliches,III,nao
9329803,Exploração de jogos de sinuca bilhar e similares,III,nao
9329804,Exploração de jogos eletrônicos recreativos,III,nao
9329899,Outras atividades de recreação e lazer não especificadas anteriormente,III,nao
9511800,Reparação e manutenção de computadores e de equipamentos periféricos,III,nao
9512600,Reparação e manutenção de equipamentos de comunicação,III,nao
9521500,Reparação e manutenção de equipamentos eletroeletrônicos de uso pessoal e doméstico,III,nao
9529101,Reparação de calçados bolsas e artigos de viagem,III,nao
9529102,Chaveiros,III,nao
9529103,Reparação de relógios,III,nao
9529104,Reparação de bicicletas triciclos e outros veículos não-motorizados,III,nao
9529105,Reparação de artigos do mobiliário,III,nao
9529106,Reparação de joias,III,nao
9529199,Reparação e manutenção de outros objetos e equipamentos pessoais e domésticos não especificados anteriormente,III,nao
9601701,Lavanderias,III,nao
9601702,Tinturarias,III,nao
9601703,Toalheiros,III,nao
9602501,Cabeleireiros manicure e pedicure,III,nao
9602502,Atividades de Estética e outros serviços de cuidados com a beleza,III,nao
9609202,Agências matrimoniais,III,nao
9609205,Atividades de sauna e banhos,III,nao
9609206,Serviços de tatuagem e colocação de piercing,III,nao
9609299,Outras atividades de serviços pessoais não especificadas anteriormente,III,nao
